{
    "loss": 0.5785038471221924,
    "accuracy": 0.9482758641242981
}